School Leader,Bob
Assistant Leader,David
School Leader,Charlie
Assistant Leader,David
School Leader,Alice
Assistant Leader,David
School Leader,Bob
Assistant Leader,David
School Leader,Bob
Assistant Leader,Eva
School Leader,Alice
Assistant Leader,Eva
School Leader,Charlie
Assistant Leader,Eva
School Leader,Bob
Assistant Leader,David
School Leader,Bob
Assistant Leader,Eva
School Leader,Charlie
Assistant Leader,Eva
School Leader,Alice
Assistant Leader,Eva
School Leader,Bob
Assistant Leader,David
School Leader,Charlie
Assistant Leader,David
School Leader,Bob
Assistant Leader,David
School Leader,Alice
Assistant Leader,David
School Leader,Alice
Assistant Leader,David
School Leader,Alice
Assistant Leader,Eva
School Leader,Alice
School Leader,Alice
Assistant Leader,Eva
School Leader,Alice
Assistant Leader,Eva
School Leader,Bob
Assistant Leader,Eva
